Nom de l'image,Description de l'image,Chemin de l'image,Tags
Éclat Féminin : Une Ode Abstraite à la Beauté,"Ce tableau présente un nu abstrait où la toile s'habille d'un éventail de nuances chaudes et variées, créant une enveloppe autour du sujet dans un monde empreint de douceur et de vivacité. Les détails, esquissés avec une délicatesse raffinée, dévoilent une profusion de textures et une finesse de trait qui incitent à une observation minutieuse et appréciative. L'œuvre transcende la simple représentation, elle constitue une célébration de la féminité et une manifestation éloquente de l'art de peindre le nu. Un hymne à la forme féminine dans toute sa splendeur et complexité.",images/peinture_1.jpg,Personnage-Abstrait-Color pop
"Contemplation Pastorale","Dans cette peinture, le berger repose près de ses moutons, semblant fusionner avec le sol, créant un lien profond avec son lieu de vie. Sa silhouette s'intègre parfaitement à la nature malgré le ciel gris, et chaque détail est délicatement éclairé, conférant une luminosité particulière à la toile. Les fenêtres des maisons dévoilent des scènes harmonieuses, révélant la profondeur de cet univers. Chaque élément interconnecté crée une unité évidente. Au centre, le visage serein du berger, malgré sa représentation de dos et le tronc qui le sépare, inspire une harmonie captivante. Son visage énigmatique, divisé par le tronc, évoque une profonde tranquillité, enrichissant la représentation. Dans son ensemble, cette scène empreinte de sérénité et d'amour pour la nature suscite un sentiment de paix et de connexion à l'environnement.",images/peinture_2.jpg,Personnage-Paysage-Trompe l'oeil-Nature
"Nuit de Lueur Argentée","ans ce tableau, une palette de nuances de gris, teintée de noir, dépeint une route sinueuse traversant les montagnes lors d'une nuit de pleine lune. \nAu sommet de la montagne trône majestueusement la pleine lune, un véhicule donne l'impression de s'envoler vers la lune. \nLune, qui diffusant une lumière qui transforme la nuit en un grisé particulier. Les boissons au bord de la route paraissent briller. \nCette luminosité nocturne révèle les contours de la route, ainsi que ceux des collines. \nLa lueur douce de la pleine lune, confère une ora mystérieuse à cette scène nocturne, mêlant l'obscurité à une clarté argentée pour créer une atmosphère envoûtante.\nAu bas du grand virage sur le côté gauche, apparaît un petit lac ou étang, à peine discernable dans l'obscurité, reflétant faiblement la lumière de la lune. \nÀ gauche du tableau, une touche de laine argentée suggère un élément naturel comme une cascade ou un léger filet d'eau descendant des hauteurs de la montagne pour ajouter une élégance subtile à cette scène nocturne.",images/peinture_3.jpg,Paysage-Sombre
"Nocturne des Voies d'Eau Antiques","Cette image veut capturer la quiétude d'une convergence nocturne en créant une atmosphèque méditative et apaisante. Les éclairages discrets ajoutent une dimension particulière à cette scène pour mettre en valeur l'importance historique et symbolique de ces cours d'eau. Cest une note historique concernant les canaux fascinants de Bologne. Elle souligne la polyvalence et l'importance vitale de ces voies d'eau au Moyen Âge. Bien au-delà de leur fonction initiale d'approvisionnement en eau, ces canaux étaient des éléments centraux de la vie quotidienne : Ils fournissaient de l'énergie, facilitaient la navigation, mais étaient aussi essentiels pour l'irrigation des terres et le maintien de la propreté de la ville. Aujourd'hui c'est le seul cours d'eau encore visible.",images/peinture_4.jpg,Urbain-Color pop-Sombre
peinture_5.jpg,Description de l'image 5,images/peinture_5.jpg,Personnage-Pastel
peinture_6.jpg,Description de l'image 6,images/peinture_6.jpg,Nature-Pastel
peinture_7.jpg,Description de l'image 7,images/peinture_7.jpg,Abstrait-Pastel
peinture_8.jpg,Description de l'image 8,images/peinture_8.jpg,Paysage-Abstrait-Color pop-Sombre
peinture_9.jpg,Description de l'image 9,images/peinture_9.jpg,Nature-Color pop-Sombre
peinture_10.jpg,Description de l'image 10,images/peinture_10.jpg,Nature-Color pop
peinture_11.jpg,Description de l'image 11,images/peinture_11.jpg,Nature-Pastel
peinture_12.jpg,Description de l'image 12,images/peinture_12.jpg,Nature-Color pop
peinture_13.jpg,Description de l'image 13,images/peinture_13.jpg,Personnage-Abstrait-Pastel
peinture_14.jpg,Description de l'image 14,images/peinture_14.jpg,Nature-Pastel
peinture_15.jpg,Description de l'image 15,images/peinture_15.jpg,Abstrait-Color pop-Sombre
peinture_16.jpg,Description de l'image 16,images/peinture_16.jpg,Nature-Pastel
peinture_17.jpg,Description de l'image 17,images/peinture_17.jpg,Nature-Color pop
